record id,contact id,meeting id,host,contact name,from,meeting type,meeting category,mobile number,phone number,contact number
zcrm_315763513057873061,zcrm_695697029103101016,zcrm_874494243165731393,Pat Johnson,Jane Brown,unknown,Follow-up,,###-###-####,###-###-####,1234567890
zcrm_643981564089527323,zcrm_901445945616057907,zcrm_502384634422316768,John Garcia,Sam Doe,,Follow-up,Onboarding,+1 123 456 7890,1234567890,###-###-####
zcrm_264708385431801009,zcrm_783199643340484829,zcrm_952215777049154029,Alex Martinez,Jane Martinez,,Follow-up,Support,123-456-7890,,+1 123 456 7890
zcrm_140744529485059680,zcrm_523106405902508735,zcrm_000165323902120351,Sam Brown,Jordan Smith,contact@domain,In-person,Internal,+1 123 456 7890,(123) 456-7890,+1 123 456 7890
zcrm_985085810505444258,zcrm_724649135287960974,zcrm_897705582695970363,,Taylor Kim,unknown,Video Conference,Sales,1234567890,N/A,
zcrm_900392936015975989,zcrm_857741141382972351,zcrm_400900722896819337,Jordan Kim,Jordan Garcia,,In-person,Onboarding,N/A,1234567890,
zcrm_769092869135279334,zcrm_747258891168379076,zcrm_760224602104669615,Chris Martinez,Alex Kim,unknown,Chat,Support,###-###-####,,1234567890
zcrm_910762011895839368,zcrm_429925545624601214,zcrm_233487215049796288,Jordan Smith,Jordan Johnson,contact@domain,Video Conference,Internal,123-456-7890,(123) 456-7890,
zcrm_752161301958199162,zcrm_254583156939959145,zcrm_684240153457015546,Chris Brown,Chris Martinez,system@crm.com,Video Conference,Onboarding,,1234567890,###-###-####
zcrm_914549658835574408,zcrm_886905481116574303,zcrm_977701016697693712,Chris Martinez,Alex Brown,user@email.com,Online,Support,(123) 456-7890,###-###-####,
zcrm_671488078247570117,zcrm_009542887958653670,zcrm_204294552918676813,John Doe,Chris Brown,,Online,Internal,123-456-7890,+1 123 456 7890,(123) 456-7890
zcrm_959681938966089142,zcrm_140321898431306229,zcrm_606305218526697672,Chris Smith,Sam Martinez,contact@domain,Online,,1234567890,###-###-####,+1 123 456 7890
zcrm_807925855574390473,zcrm_808913256703685743,zcrm_365069808742208966,Jordan Kim,Alex Martinez,contact@domain,Chat,Internal,###-###-####,###-###-####,
zcrm_154754042525227406,zcrm_680783489646820693,zcrm_070192989177014267,Sam Johnson,John Garcia, ,Phone Call,Internal,(123) 456-7890,,123-456-7890
zcrm_903124392914424003,zcrm_357841929421940158,zcrm_383687791613949959,John Lee,Alex Martinez, ,Video Conference,Onboarding,+1 123 456 7890,###-###-####,(123) 456-7890
zcrm_424999790121633869,zcrm_372659329254626882,zcrm_117988307783098843,Chris Smith,Jane Doe,,Chat,Support,###-###-####,,
zcrm_225032472616787061,zcrm_495711472606751376,zcrm_125232099778967955,Jordan Johnson,Pat Martinez,user@email.com, ,Onboarding,,123-456-7890,###-###-####
zcrm_166555920576618214,zcrm_454522610676399052,zcrm_590140688953047656,Taylor Johnson,Jane Lee, ,Follow-up,Support,N/A,,1234567890
zcrm_745376180447398898,zcrm_312901801572154939,zcrm_103320317642588499,Jordan Kim,John Garcia,contact@domain,In-person,Support,(123) 456-7890,,123-456-7890
zcrm_945607783339228421,zcrm_547550688093529925,zcrm_475122701785778848,Taylor Johnson,Sam Johnson,user@email.com,In-person,,123-456-7890,N/A,
zcrm_434849634056318130,zcrm_304378747829052700,zcrm_551576905099939163,Sam Brown,Chris Garcia,,Video Conference,Internal,123-456-7890,###-###-####,123-456-7890
zcrm_692571218523448741,zcrm_840626468355759921,zcrm_128469896014464651,John Garcia,Chris Johnson,contact@domain, ,Support,###-###-####,+1 123 456 7890,1234567890
zcrm_840386068691035556,zcrm_253826748911887521,zcrm_440111505165860512,Jordan Lee,John Smith,unknown,Follow-up,Review,+1 123 456 7890,,+1 123 456 7890
zcrm_416707081412454170,zcrm_805074391746542041,zcrm_808488080462088189,Taylor Smith,Alex Lee,user@email.com, ,Client,###-###-####,123-456-7890,+1 123 456 7890
zcrm_420195238590375736,zcrm_981114071399714579,zcrm_108528047651170370,Pat Garcia,Sam Smith,unknown,Online,Internal,123-456-7890,###-###-####,N/A
zcrm_458466022594323145,zcrm_986433223301603275,zcrm_977039763856277561,John Martinez,Chris Garcia,system@crm.com,Video Conference,Client,###-###-####,+1 123 456 7890,###-###-####
zcrm_690937063622884342,zcrm_305476709058773302,zcrm_397265498119424878,Alex Garcia,Jordan Smith,contact@domain,Follow-up,Onboarding,N/A,(123) 456-7890,1234567890
zcrm_379502676442243260,zcrm_598233279821699503,zcrm_781763603260374635,Alex Kim,John Garcia,unknown,Video Conference,,###-###-####,,N/A
zcrm_287844661648788979,zcrm_250675434675909990,zcrm_434070553605461673,Jane Johnson,Taylor Johnson,,Phone Call,Internal,+1 123 456 7890,N/A,+1 123 456 7890
zcrm_665402418947827374,zcrm_528976743751200498,zcrm_750421488245122256,Jordan Brown,Pat Smith,unknown,Follow-up,Support,+1 123 456 7890,###-###-####,###-###-####
zcrm_667254020215861913,zcrm_202747373463768063,zcrm_724308006269643811,Alex Smith,John Martinez,unknown,In-person,Onboarding,(123) 456-7890,N/A,N/A
zcrm_532697725010345351,zcrm_413967830716056652,zcrm_015528091384566805,John Martinez,Sam Doe,system@crm.com,Chat,Support,,+1 123 456 7890,
zcrm_388245447367778812,zcrm_351376282393638101,zcrm_996536888044071942,Taylor Smith,Jane Lee,system@crm.com,In-person,Sales,N/A,+1 123 456 7890,123-456-7890
zcrm_144135726070281558,zcrm_849395145611230600,zcrm_311905280764216788,John Smith,Taylor Brown,,Chat,,,+1 123 456 7890,+1 123 456 7890
zcrm_669955811861195087,zcrm_793346271727688510,zcrm_959437258533825706,John Brown,Taylor Martinez,system@crm.com,Phone Call,,###-###-####,(123) 456-7890,
zcrm_414284131839479862,zcrm_969983792964375844,zcrm_207537740224946630,Chris Johnson,Jane Kim,system@crm.com,Online,,N/A,+1 123 456 7890,###-###-####
zcrm_051105307707871588,zcrm_548639544352203534,zcrm_660260245096991641,Alex Lee,John Smith,system@crm.com,Online,Review,(123) 456-7890,1234567890,123-456-7890
zcrm_608936358431565557,zcrm_544584022466648644,zcrm_851217187332110734,Chris Kim,Pat Smith,contact@domain,Video Conference,,###-###-####,(123) 456-7890,###-###-####
zcrm_521789811842811357,zcrm_478049653340996340,zcrm_952523289487779030,John Martinez,Pat Lee,contact@domain,Follow-up,Internal,N/A,N/A,123-456-7890
zcrm_645378627764798362,zcrm_595771518408738234,zcrm_616090435616568249,Chris Doe,Pat Lee, ,Online,Client,(123) 456-7890,1234567890,###-###-####
zcrm_631478541485781183,zcrm_271043875799043689,zcrm_051205495729364002,Taylor Garcia,John Kim,unknown, ,Support,N/A,###-###-####,N/A
zcrm_853989981851170055,zcrm_763350055121770379,zcrm_695267204239592384,Sam Johnson,Alex Kim,system@crm.com,Chat,Review,,N/A,(123) 456-7890
zcrm_927997149899905923,zcrm_759694915935709845,zcrm_030891794508236238,Alex Martinez,Jane Johnson, ,Phone Call,Support,N/A,(123) 456-7890,###-###-####
zcrm_807917702918736449,zcrm_407181234798168425,zcrm_824436359784275679,Pat Smith,Pat Lee,user@email.com,Chat,,###-###-####,(123) 456-7890,###-###-####
zcrm_267144561286129922,zcrm_489448556075000171,zcrm_249078710708984903,Jordan Smith,Alex Martinez, ,Video Conference,,###-###-####,,###-###-####
zcrm_884544350718193229,zcrm_100171539778633150,zcrm_626269883070406785,Chris Doe,Chris Kim,,Phone Call,Support,1234567890,1234567890,###-###-####
zcrm_699393858957839740,zcrm_994726690941129610,zcrm_095938138049102019,John Brown,John Garcia,contact@domain,Follow-up,Support,+1 123 456 7890,1234567890,+1 123 456 7890
zcrm_135794292037632177,zcrm_752131806526882289,zcrm_477418992311425710,Pat Kim,Taylor Garcia,system@crm.com, ,Review,+1 123 456 7890,+1 123 456 7890,###-###-####
zcrm_512545558468138747,zcrm_911593594178124042,zcrm_138510798140523588,Chris Smith,Alex Doe,,Online,,###-###-####,123-456-7890,N/A
zcrm_600101575961713593,zcrm_532909169661502478,zcrm_875489483123284213,Alex Lee,Sam Doe, ,Online,,###-###-####,+1 123 456 7890,123-456-7890
zcrm_283862978172468776,zcrm_576303248355525411,zcrm_682952653299658189,Chris Smith,Taylor Smith, ,Phone Call,Review,###-###-####,N/A,###-###-####
zcrm_398493582224621308,zcrm_569945827457618737,zcrm_571437463729154675,,Jordan Kim,unknown,Chat,Sales,1234567890,123-456-7890,N/A
zcrm_841605250034909967,zcrm_178355575122128752,zcrm_527279872483226253,,Pat Garcia,contact@domain,In-person,Client,,,123-456-7890
zcrm_873871910142314540,zcrm_031227126586241546,zcrm_033947299628035055,John Martinez,Alex Johnson,contact@domain,Video Conference,Onboarding,1234567890,+1 123 456 7890,(123) 456-7890
zcrm_286469276971362384,zcrm_661597404695554922,zcrm_951242951518895849,Sam Garcia,Pat Lee,unknown,Follow-up,Client,,(123) 456-7890,+1 123 456 7890
zcrm_292229358150073463,zcrm_659723413135680528,zcrm_124093429403506620,John Smith,Alex Garcia,system@crm.com,Follow-up,,123-456-7890,123-456-7890,123-456-7890
zcrm_588321511528945051,zcrm_797421238666703125,zcrm_803185580816536127,Taylor Smith,Chris Lee,contact@domain,Online,Support,+1 123 456 7890,###-###-####,123-456-7890
zcrm_649625268180435407,zcrm_048465432347615333,zcrm_576590002420146127,Sam Martinez,Jane Doe,system@crm.com,Online,Internal,,123-456-7890,1234567890
zcrm_368227400428911438,zcrm_744917289585631436,zcrm_038610281727463188,Chris Smith,Jane Smith, ,Follow-up,,(123) 456-7890,+1 123 456 7890,N/A
zcrm_516495053512781821,zcrm_410421478803157723,zcrm_582730336982878118,Chris Doe,John Johnson, ,In-person,Onboarding,(123) 456-7890,,N/A
zcrm_065260753873585705,zcrm_421496569149614622,zcrm_249426515564047335,,Alex Kim,contact@domain,Video Conference,Sales,(123) 456-7890,(123) 456-7890,
zcrm_453671432875714821,zcrm_489941703220782838,zcrm_909863841883370011,John Martinez,Jordan Lee, ,In-person,Sales,+1 123 456 7890,,+1 123 456 7890
zcrm_801871475390577291,zcrm_483001909999078091,zcrm_709585234839970244,Jane Johnson,Alex Kim, , ,Onboarding,(123) 456-7890,N/A,123-456-7890
zcrm_636986649730915695,zcrm_264495065444548151,zcrm_646681162566703176,Alex Doe,Chris Martinez,,In-person,Internal,(123) 456-7890,(123) 456-7890,###-###-####
zcrm_852667113515140164,zcrm_123466215354225756,zcrm_695716284053066244,Pat Garcia,Chris Doe,unknown,Follow-up,Sales,N/A,+1 123 456 7890,1234567890
zcrm_684247733299775287,zcrm_408609877474232113,zcrm_581660561306855171,Taylor Kim,Chris Kim,unknown,Phone Call,Onboarding,1234567890,1234567890,1234567890
zcrm_911133483929639449,zcrm_989225799405026964,zcrm_068899657835416405,Sam Lee,Alex Smith,user@email.com, ,Support,###-###-####,(123) 456-7890,+1 123 456 7890
zcrm_485077913840047260,zcrm_957023378384368969,zcrm_802981342090980000,Taylor Doe,Taylor Lee,user@email.com,In-person,Client,(123) 456-7890,123-456-7890,+1 123 456 7890
zcrm_451004347819533966,zcrm_469201847094765324,zcrm_575243120495207899,Jane Martinez,Pat Kim, , ,Client,+1 123 456 7890,###-###-####,1234567890
zcrm_187540847738404636,zcrm_616952200602818860,zcrm_310062086518905018,Taylor Lee,Taylor Garcia,user@email.com,Follow-up,Review,1234567890,1234567890,
zcrm_013933807684908203,zcrm_960271632339567007,zcrm_890417597573466303,Taylor Johnson,Chris Doe,system@crm.com,In-person,Internal,+1 123 456 7890,+1 123 456 7890,(123) 456-7890
zcrm_820937694758893710,zcrm_747549965398238800,zcrm_537962595275322791,Pat Garcia,Jordan Lee,system@crm.com,Video Conference,Onboarding,N/A,,1234567890
zcrm_998216388374997967,zcrm_331843874635954713,zcrm_712108262828474158,Chris Johnson,Pat Martinez, ,Video Conference,Review,+1 123 456 7890,1234567890,
zcrm_851239038251532182,zcrm_187575931082238475,zcrm_169145000678783175,Alex Garcia,Pat Johnson, ,Follow-up,Review,+1 123 456 7890,(123) 456-7890,###-###-####
zcrm_389119283427672342,zcrm_871944955919279191,zcrm_458828673037542286,Sam Smith,Pat Doe,user@email.com, ,Review,###-###-####,(123) 456-7890,+1 123 456 7890
zcrm_463778883169251383,zcrm_822259998579477191,zcrm_110735038397884824,Taylor Johnson,Pat Garcia,user@email.com, ,Onboarding,###-###-####,+1 123 456 7890,
zcrm_018054102289215337,zcrm_542016999387183410,zcrm_904889773323333669,Jordan Garcia,John Martinez, ,Chat,,+1 123 456 7890,,N/A
zcrm_311704423666109275,zcrm_659779095417845437,zcrm_014701046155872892,Chris Garcia,Sam Kim,user@email.com,Follow-up,Sales,###-###-####,123-456-7890,1234567890
zcrm_692427256882003156,zcrm_468730204287604699,zcrm_599426738888357088,Jane Garcia,Alex Lee,user@email.com,Video Conference,Sales,N/A,123-456-7890,+1 123 456 7890
zcrm_837228656446399117,zcrm_875740558312661236,zcrm_188733167600120464,Jordan Kim,Taylor Doe,unknown,Phone Call,Sales,123-456-7890,###-###-####,(123) 456-7890
zcrm_925675657025335552,zcrm_963907998779220317,zcrm_193363419260070485,John Doe,Sam Doe, ,In-person,Internal,N/A,+1 123 456 7890,1234567890
zcrm_415733592884910271,zcrm_421689110219791247,zcrm_474309211460880086,Pat Lee,Sam Garcia,contact@domain,Phone Call,Review,N/A,###-###-####,###-###-####
zcrm_460743233808948137,zcrm_037464481097798480,zcrm_083870476791868708,Alex Martinez,Pat Lee,unknown,In-person,Review,(123) 456-7890,,N/A
zcrm_762933738792603248,zcrm_802140200178962873,zcrm_059799699917976537,Jordan Garcia,John Doe,system@crm.com,Chat,Review,+1 123 456 7890,###-###-####,123-456-7890
zcrm_150624482132268065,zcrm_098033815002192872,zcrm_788503392133509312,Taylor Kim,Alex Garcia, , ,Review,(123) 456-7890,(123) 456-7890,1234567890
zcrm_180452219251108956,zcrm_936874333739880151,zcrm_068017817428646451,Sam Garcia,Taylor Johnson,unknown,Video Conference,,,N/A,123-456-7890
zcrm_925543740698021213,zcrm_643387005128061405,zcrm_921636392977014870,Jane Brown,Jordan Smith,,Video Conference,Sales,,+1 123 456 7890,123-456-7890
zcrm_596286020867974030,zcrm_996807026014958768,zcrm_585628758714360908,Jane Martinez,Jane Martinez,,Follow-up,Support,,N/A,+1 123 456 7890
zcrm_303771082164357234,zcrm_245973594723359238,zcrm_215488864372529946,Taylor Garcia,Alex Martinez,,In-person,Onboarding,(123) 456-7890,+1 123 456 7890,(123) 456-7890
zcrm_026338171756973663,zcrm_018774532256862453,zcrm_047453043661671075,Chris Lee,Jordan Brown,,Online,Support,N/A,+1 123 456 7890,N/A
zcrm_706165907923573599,zcrm_468828916484396608,zcrm_895450940583359948,John Lee,John Smith,,Chat,Internal,###-###-####,1234567890,###-###-####
zcrm_937332162034062257,zcrm_355924862174902252,zcrm_370493004499067623,Taylor Garcia,John Brown,system@crm.com,In-person,Client,123-456-7890,(123) 456-7890,###-###-####
zcrm_405874860661445976,zcrm_769153593729718456,zcrm_167353301527402550,Chris Brown,John Lee,system@crm.com,In-person,Support,1234567890,(123) 456-7890,(123) 456-7890
zcrm_437447172950886858,zcrm_391898657053990112,zcrm_043174377556514338,Taylor Kim,Alex Doe,user@email.com,Online,,###-###-####,(123) 456-7890,123-456-7890
zcrm_909736009235923388,zcrm_515756251065628121,zcrm_523836123569846962,Sam Lee,Chris Doe,unknown, ,Client,1234567890,###-###-####,
zcrm_393328733851609771,zcrm_479304010284263657,zcrm_582632669530296030,Taylor Johnson,Jane Kim,, ,Sales,+1 123 456 7890,1234567890,123-456-7890
zcrm_549642170963496646,zcrm_567793958406944267,zcrm_551608511653254321,John Kim,John Martinez,user@email.com,Follow-up,Review,(123) 456-7890,(123) 456-7890,123-456-7890
zcrm_636937240252495378,zcrm_218054642843376135,zcrm_110960861122641119,Alex Lee,Jordan Lee,unknown, ,Client,N/A,N/A,123-456-7890
zcrm_593564184634573882,zcrm_636233453002422048,zcrm_407502002445387100,,Pat Martinez,,Follow-up,Support,,(123) 456-7890,(123) 456-7890
zcrm_511579433361690842,zcrm_679760778923268564,zcrm_279120121760303046,Sam Johnson,Jordan Kim, ,Video Conference,Sales,(123) 456-7890,N/A,
zcrm_307426746306981186,zcrm_721768802646130816,zcrm_481244472026093374,Alex Martinez,Jordan Kim,unknown, ,Sales,,(123) 456-7890,###-###-####
zcrm_835173804029907550,zcrm_096596909617691360,zcrm_071660083990426298,Taylor Smith,Alex Martinez,unknown,Video Conference,Client,+1 123 456 7890,(123) 456-7890,+1 123 456 7890
zcrm_839089707035832419,zcrm_562755366741948849,zcrm_058730897871819663,Taylor Kim,Sam Johnson,unknown,Online,Sales,123-456-7890,N/A,123-456-7890
zcrm_325869222255294066,zcrm_682837236946876773,zcrm_197249254149415233,Sam Brown,Chris Lee,system@crm.com, ,Client,,,123-456-7890
zcrm_927543113617848699,zcrm_245206595891675940,zcrm_422348529638397469,Pat Lee,John Brown,user@email.com,In-person,,+1 123 456 7890,+1 123 456 7890,1234567890
zcrm_801364270465427712,zcrm_677498791540344822,zcrm_212310313275488676,John Kim,Pat Doe,system@crm.com,Follow-up,,+1 123 456 7890,,(123) 456-7890
zcrm_337207384200252854,zcrm_137069981788035386,zcrm_549663541352908039,Taylor Kim,Taylor Martinez,system@crm.com,In-person,Onboarding,,1234567890,+1 123 456 7890
zcrm_058957326899831135,zcrm_743081175946654758,zcrm_749315183932531124,Jordan Kim,Sam Johnson,contact@domain,Chat,,###-###-####,N/A,123-456-7890
zcrm_374762144205979788,zcrm_986700350472349422,zcrm_639658831133703524,Chris Johnson,Chris Garcia,user@email.com, ,,###-###-####,+1 123 456 7890,+1 123 456 7890
zcrm_415106122480471024,zcrm_812479212902473398,zcrm_219512498121365199,,Jane Kim,contact@domain,Follow-up,Sales,123-456-7890,(123) 456-7890,N/A
zcrm_222170901162623375,zcrm_788381985238875707,zcrm_924606605143954478,Sam Garcia,Sam Garcia,unknown,Online,Client,###-###-####,+1 123 456 7890,
zcrm_456099469666036546,zcrm_144099839196172752,zcrm_802230644390511509,Pat Smith,Pat Garcia, ,Follow-up,Sales,1234567890,N/A,N/A
zcrm_888059570834643418,zcrm_170002822827758222,zcrm_717902935808167817,Jordan Smith,Chris Kim,user@email.com,Phone Call,Onboarding,N/A,+1 123 456 7890,(123) 456-7890
zcrm_856548846946222253,zcrm_908241227182697676,zcrm_135416617722747270,Sam Doe,Taylor Johnson,contact@domain, ,Onboarding,(123) 456-7890,N/A,
zcrm_605139650199428559,zcrm_079963621680046350,zcrm_612661640419279994,Jane Brown,Alex Garcia,system@crm.com,In-person,,123-456-7890,123-456-7890,N/A
zcrm_159138052168308365,zcrm_481546115079867808,zcrm_141025791771745717,,Chris Garcia, ,Video Conference,Internal,(123) 456-7890,+1 123 456 7890,###-###-####
zcrm_995425628208796444,zcrm_490949403519571509,zcrm_941731247642734242,Sam Kim,Jane Doe,contact@domain,Chat,,N/A,###-###-####,(123) 456-7890
zcrm_273469629822727299,zcrm_109348462548452689,zcrm_380284491869685281,Alex Johnson,Taylor Garcia,contact@domain,In-person,Client,123-456-7890,,
zcrm_852526628091792226,zcrm_504036769850712838,zcrm_909424188460445985,John Brown,Taylor Garcia,unknown,Online,Onboarding,###-###-####,,(123) 456-7890
zcrm_251335048063826581,zcrm_072084220979158212,zcrm_491388396352739117,Jane Lee,Alex Lee,user@email.com,Phone Call,Client,+1 123 456 7890,1234567890,123-456-7890
zcrm_519632424169209925,zcrm_937239753228458335,zcrm_662378363424425002,,Pat Garcia,contact@domain, ,Client,N/A,(123) 456-7890,1234567890
zcrm_661546899090317123,zcrm_062707645953078858,zcrm_415266642160390043,Jane Kim,Alex Smith,unknown, ,Internal,(123) 456-7890,N/A,123-456-7890
zcrm_133363944825167153,zcrm_443628942206415418,zcrm_808909395793487742,Jordan Smith,Taylor Martinez,contact@domain,In-person,,123-456-7890,1234567890,123-456-7890
zcrm_682891085859502346,zcrm_471932436481266172,zcrm_961029713569317606,Jane Garcia,Chris Brown,system@crm.com,Phone Call,Client,(123) 456-7890,123-456-7890,1234567890
zcrm_841068264064476238,zcrm_789093964885491900,zcrm_155569849264543222,Alex Lee,Chris Johnson, , ,Client,###-###-####,###-###-####,
zcrm_163110574750413999,zcrm_363480256679848638,zcrm_356102924744910918,Pat Johnson,Jane Brown,system@crm.com,In-person,,123-456-7890,###-###-####,
zcrm_400912732301469094,zcrm_966326186709490834,zcrm_186640920835548978,Pat Lee,Taylor Johnson,contact@domain,Phone Call,,1234567890,###-###-####,1234567890
zcrm_837793980173360990,zcrm_580081474756064729,zcrm_756201757389871840,Jane Garcia,Alex Garcia,system@crm.com,Video Conference,Internal,+1 123 456 7890,123-456-7890,1234567890
zcrm_612891018250883628,zcrm_519776552046277930,zcrm_376987850414852961,Sam Garcia,Chris Garcia,unknown,In-person,Sales,N/A,+1 123 456 7890,123-456-7890
zcrm_713082890414785220,zcrm_862178168507096581,zcrm_104110259401697587,,Sam Doe,system@crm.com,Phone Call,Client,N/A,+1 123 456 7890,###-###-####
zcrm_949411857006796969,zcrm_168713302551544094,zcrm_976906754769030914,Pat Lee,Alex Johnson,, ,Internal,,(123) 456-7890,+1 123 456 7890
zcrm_045194457812789983,zcrm_918254340193183987,zcrm_918538184153853552,John Doe,Alex Martinez,contact@domain, ,Sales,1234567890,(123) 456-7890,(123) 456-7890
zcrm_745579344062902385,zcrm_975255384828937920,zcrm_391699487976997490,Jane Brown,Sam Brown,user@email.com, ,Internal,N/A,123-456-7890,###-###-####
zcrm_478835606347818629,zcrm_179530262669303447,zcrm_975213891169520957,Pat Johnson,Sam Kim,user@email.com,Chat,Internal,+1 123 456 7890,N/A,+1 123 456 7890
zcrm_950417673467522981,zcrm_186720514659591620,zcrm_690080261421911342,Sam Garcia,Pat Garcia,user@email.com,Follow-up,Support,+1 123 456 7890,(123) 456-7890,(123) 456-7890
zcrm_171963276430142054,zcrm_101417762871770076,zcrm_618184766989527299,Sam Johnson,John Martinez,contact@domain,In-person,Client,,+1 123 456 7890,1234567890
zcrm_784457603568952386,zcrm_823528341825069511,zcrm_018694339104333850,Sam Lee,John Martinez,contact@domain,Video Conference,Client,+1 123 456 7890,(123) 456-7890,(123) 456-7890
zcrm_056056755262576827,zcrm_753708210709898954,zcrm_078118355135027485,,Sam Doe,contact@domain,Phone Call,Onboarding,###-###-####,,N/A
zcrm_640491408979366717,zcrm_531764246971014303,zcrm_390704193735966147,,Chris Smith, ,Follow-up,Client,123-456-7890,N/A,1234567890
zcrm_452432735801994208,zcrm_481452990297666480,zcrm_063723443359400835,Chris Brown,Sam Johnson,user@email.com,Chat,Support,+1 123 456 7890,,
zcrm_338947250180628173,zcrm_697068879657357831,zcrm_700166054770392004,Sam Kim,Alex Doe, ,Chat,Internal,N/A,(123) 456-7890,1234567890
zcrm_532488744406745001,zcrm_781248584202022165,zcrm_893027221502395686,Chris Garcia,Alex Kim,user@email.com,Video Conference,Internal,+1 123 456 7890,+1 123 456 7890,+1 123 456 7890
zcrm_375963538226295724,zcrm_647397941028371660,zcrm_253385576060555581,Jane Kim,Chris Johnson,contact@domain,Online,Internal,,123-456-7890,1234567890
zcrm_058915525195006197,zcrm_913232959792964571,zcrm_470523879065261191,Taylor Martinez,Alex Kim,user@email.com,In-person,Support,123-456-7890,+1 123 456 7890,N/A
zcrm_087060728273397158,zcrm_566264266432626808,zcrm_044652821023721124,Sam Brown,Sam Martinez,unknown,Chat,Sales,(123) 456-7890,1234567890,
zcrm_347569301661583880,zcrm_942873354344454744,zcrm_495752088032285064,Sam Garcia,Jordan Kim,user@email.com,In-person,Client,N/A,,1234567890
zcrm_496361865821950743,zcrm_749433866721411420,zcrm_148473194405678072,Alex Martinez,Chris Lee,,In-person,Sales,+1 123 456 7890,###-###-####,N/A
zcrm_825426250157479463,zcrm_375610957950857791,zcrm_323421331101573527,John Martinez,Sam Garcia,system@crm.com, ,Sales,,+1 123 456 7890,(123) 456-7890
zcrm_188548055879505056,zcrm_474686542252353202,zcrm_855054379602842256,Chris Brown,Sam Kim, ,Video Conference,Onboarding,###-###-####,+1 123 456 7890,1234567890
zcrm_443840027915543800,zcrm_693220601706991243,zcrm_830874387384579000,John Kim,Alex Garcia,,Follow-up,Review,123-456-7890,+1 123 456 7890,123-456-7890
zcrm_326052932109637984,zcrm_946299775517992484,zcrm_323906474230451412,Chris Martinez,Chris Johnson,unknown,Chat,Review,,1234567890,(123) 456-7890
zcrm_961218508786571511,zcrm_139891430318783899,zcrm_465825846726052748,Chris Kim,Pat Garcia,unknown,Phone Call,Support,###-###-####,+1 123 456 7890,###-###-####
zcrm_358881337521520917,zcrm_583601503117782567,zcrm_985612446941694782,John Smith,Pat Martinez,system@crm.com, ,Client,N/A,+1 123 456 7890,N/A
zcrm_525687090010090849,zcrm_380787981881933227,zcrm_824732810079701100,Jordan Doe,Taylor Smith,contact@domain,Phone Call,,(123) 456-7890,+1 123 456 7890,###-###-####
zcrm_168165668643625273,zcrm_284332922763756293,zcrm_024691412390306003,Alex Garcia,Pat Doe,user@email.com,Chat,Sales,###-###-####,123-456-7890,(123) 456-7890
zcrm_835875698576743112,zcrm_328786402586227932,zcrm_094883884205911246,Jane Smith,John Martinez,system@crm.com,Follow-up,Support,###-###-####,,(123) 456-7890
zcrm_858674341013899636,zcrm_860766611076915072,zcrm_239200765496901947,John Johnson,Sam Kim,unknown, ,,1234567890,123-456-7890,N/A
zcrm_181978963673639045,zcrm_543868233242987259,zcrm_476457949247835593,,Pat Martinez,user@email.com,Phone Call,Internal,###-###-####,N/A,123-456-7890
zcrm_014739127520032114,zcrm_504481507034807445,zcrm_812118078956879444,Sam Brown,Chris Garcia,unknown,Video Conference,,123-456-7890,###-###-####,
zcrm_050498244590257758,zcrm_146715274031757676,zcrm_554351883746838333,Jordan Brown,John Johnson,contact@domain,In-person,Sales,###-###-####,+1 123 456 7890,(123) 456-7890
zcrm_957852487039760585,zcrm_064838220744901947,zcrm_800016394240970761,,John Johnson,system@crm.com, ,Support,1234567890,N/A,
zcrm_734098972912656864,zcrm_573158964455587401,zcrm_444851694257793498,,Jordan Brown,unknown,Online,Internal,###-###-####,1234567890,+1 123 456 7890
zcrm_017068958214744865,zcrm_626011932070535770,zcrm_785244848927129414,Taylor Martinez,Alex Doe,user@email.com,Follow-up,Client,+1 123 456 7890,N/A,(123) 456-7890
zcrm_302961180178175731,zcrm_985524405527783434,zcrm_113233277431077054,John Smith,Pat Garcia,system@crm.com,Follow-up,Sales,+1 123 456 7890,(123) 456-7890,(123) 456-7890
zcrm_254791046726562775,zcrm_132704946577787237,zcrm_567635465580981836,Chris Johnson,Chris Lee, , ,Review,,123-456-7890,(123) 456-7890
zcrm_293844393314334257,zcrm_079172293598698136,zcrm_964381924295133789,Jordan Smith,Alex Garcia, ,Video Conference,Support,+1 123 456 7890,+1 123 456 7890,1234567890
zcrm_056694271986878681,zcrm_367503095228486463,zcrm_955404691041447929,Taylor Lee,John Garcia,user@email.com,Chat,Support,N/A,123-456-7890,1234567890
zcrm_337278809778367471,zcrm_549421159607257498,zcrm_825128724234235639,Taylor Smith,Jordan Garcia,, ,,N/A,###-###-####,+1 123 456 7890
zcrm_282121114039165621,zcrm_443261905977114217,zcrm_150747499793620861,,Jordan Johnson,contact@domain,Phone Call,Internal,+1 123 456 7890,###-###-####,1234567890
zcrm_047659347182011495,zcrm_682090345894001907,zcrm_637088089786150589,Pat Kim,Alex Garcia,contact@domain,Chat,Review,123-456-7890,123-456-7890,(123) 456-7890
zcrm_177475268502043933,zcrm_017733199486441023,zcrm_642281625319422232,Pat Kim,John Lee,user@email.com, ,Sales,###-###-####,N/A,N/A
zcrm_342752101790135187,zcrm_443564501857070310,zcrm_652861982931540258,,John Johnson, , ,Support,###-###-####,N/A,N/A
zcrm_168359872359704890,zcrm_865137961063931686,zcrm_880217987999848899,Jordan Johnson,Pat Brown,,Phone Call,Sales,1234567890,+1 123 456 7890,
zcrm_642858876474926987,zcrm_428014396583816892,zcrm_850748381716507753,Sam Smith,Jordan Smith,user@email.com,Follow-up,,###-###-####,(123) 456-7890,1234567890
zcrm_908116084907374961,zcrm_336586751499973044,zcrm_398751377190930712,Pat Garcia,Sam Johnson,contact@domain,Phone Call,Internal,N/A,N/A,(123) 456-7890
zcrm_138107661379343824,zcrm_576130583377638218,zcrm_624837941716508081,Jane Smith,Pat Garcia,,In-person,Review,N/A,(123) 456-7890,###-###-####
zcrm_605920547869677417,zcrm_665740062976999378,zcrm_263505887514187640,Alex Doe,Chris Lee,system@crm.com, ,Support,(123) 456-7890,,
zcrm_150125531429371345,zcrm_906175112257342439,zcrm_918003125168654312,,Jordan Smith,,Follow-up,Review,N/A,+1 123 456 7890,+1 123 456 7890
zcrm_747315250814839586,zcrm_905927898151756465,zcrm_957095016243497801,John Brown,Jordan Doe, ,Follow-up,Sales,+1 123 456 7890,123-456-7890,1234567890
zcrm_296306936073565768,zcrm_426967592709427397,zcrm_721892980558725967,,Jordan Lee,system@crm.com,Video Conference,Internal,+1 123 456 7890,123-456-7890,+1 123 456 7890
zcrm_693603904378611630,zcrm_504670598177516652,zcrm_534839441652717578,Pat Garcia,Sam Johnson,system@crm.com,Online,Support,N/A,123-456-7890,###-###-####
zcrm_816155781916217898,zcrm_099916631397064884,zcrm_977091502468951353,,Jordan Doe,user@email.com,In-person,Sales,1234567890,N/A,
zcrm_500687015072121708,zcrm_053387076302368045,zcrm_096414291889356569,Alex Doe,Jordan Brown,system@crm.com,In-person,Onboarding,,123-456-7890,+1 123 456 7890
zcrm_817519016272163718,zcrm_871541368758776066,zcrm_989811187358679253,Chris Garcia,Alex Johnson, ,Online,Onboarding,123-456-7890,(123) 456-7890,1234567890
zcrm_962382447367506297,zcrm_603198066086982127,zcrm_318686258007789544,Chris Smith,Taylor Garcia,unknown,Chat,Support,1234567890,,
zcrm_609014356430552544,zcrm_031876307661626926,zcrm_839913255527039711,John Garcia,Jordan Brown,unknown,Phone Call,Client,123-456-7890,###-###-####,###-###-####
zcrm_184500378454942274,zcrm_996576021796820552,zcrm_308872159066904939,John Doe,Pat Kim,user@email.com,Online,Onboarding,123-456-7890,###-###-####,1234567890
zcrm_793175466111832575,zcrm_613328553737956980,zcrm_484940792456487981,Chris Garcia,Jordan Doe, ,Follow-up,Onboarding,,+1 123 456 7890,N/A
zcrm_072532231677076555,zcrm_034689508089617361,zcrm_136715935336630046,Jane Doe,Jordan Doe,user@email.com,In-person,Support,(123) 456-7890,1234567890,1234567890
zcrm_392951189001352248,zcrm_329608455425884363,zcrm_154722972520504938,Chris Garcia,Sam Lee,,In-person,,+1 123 456 7890,(123) 456-7890,+1 123 456 7890
zcrm_033401945525401753,zcrm_252900215658569785,zcrm_657878333319079792,Chris Lee,John Johnson,user@email.com,Phone Call,Internal,N/A,###-###-####,###-###-####
zcrm_565444734745762625,zcrm_188783273170395566,zcrm_558434034015856434,,Jane Smith,unknown,Chat,,N/A,N/A,123-456-7890
zcrm_399337007061242399,zcrm_658290805869855669,zcrm_006311524923234413,,John Kim,system@crm.com,Video Conference,Support,123-456-7890,N/A,+1 123 456 7890
zcrm_918014081992103283,zcrm_372525385275807521,zcrm_861378600118779593,Pat Doe,John Brown,unknown,Video Conference,Support,123-456-7890,123-456-7890,
zcrm_991614425538536789,zcrm_954144499917141416,zcrm_174347353439792452,Chris Martinez,Taylor Kim,system@crm.com,Video Conference,Sales,N/A,1234567890,N/A
zcrm_145062012596053258,zcrm_323184463961107820,zcrm_881105073434862752,Sam Smith,Jordan Brown,system@crm.com,In-person,,1234567890,(123) 456-7890,###-###-####
zcrm_892301088803910473,zcrm_608892506505684896,zcrm_964407105924052035,Pat Martinez,Taylor Doe,user@email.com,Phone Call,Sales,+1 123 456 7890,,+1 123 456 7890
zcrm_545904840240932796,zcrm_550860728634440900,zcrm_203293353074422220,Pat Doe,Taylor Brown, ,Follow-up,Onboarding,123-456-7890,123-456-7890,+1 123 456 7890
zcrm_556741201957408068,zcrm_118379829392860572,zcrm_005714280253378870,Jordan Doe,Pat Smith,contact@domain,Follow-up,Client,(123) 456-7890,+1 123 456 7890,
zcrm_281202312432113614,zcrm_814027094279601643,zcrm_615262323572057000,Alex Johnson,Chris Martinez,system@crm.com,Chat,Review,,,
zcrm_361761028148640597,zcrm_260977490971445941,zcrm_371105582569486436,Alex Martinez,Chris Johnson,user@email.com,Follow-up,Review,(123) 456-7890,N/A,+1 123 456 7890
zcrm_015395898486340532,zcrm_993086606384003692,zcrm_978646808280506962,Taylor Johnson,Jordan Brown,,Phone Call,Review,(123) 456-7890,1234567890,
zcrm_402388599332708239,zcrm_627306301931386927,zcrm_198790198005633972,Chris Garcia,John Brown,system@crm.com,Online,Internal,(123) 456-7890,N/A,N/A
zcrm_706808569467094841,zcrm_699210806377573322,zcrm_391962387108875700,,Sam Kim,,Online,Client,,,(123) 456-7890
zcrm_614375856195577315,zcrm_109494063321445597,zcrm_022370718594596309,Alex Doe,Jane Brown,unknown,Phone Call,Client,1234567890,+1 123 456 7890,123-456-7890
zcrm_966956263373232675,zcrm_187293733165314747,zcrm_387565749125370053,Pat Brown,Taylor Garcia,contact@domain,In-person,,###-###-####,###-###-####,(123) 456-7890
zcrm_461610926138565584,zcrm_985364166126058579,zcrm_154942620259401658,John Kim,Jordan Martinez,system@crm.com,Video Conference,,1234567890,###-###-####,(123) 456-7890
zcrm_183061307521800974,zcrm_270489880919449646,zcrm_641835524974768409,Chris Brown,Pat Smith,system@crm.com,Follow-up,Support,1234567890,###-###-####,###-###-####
zcrm_188950461017997373,zcrm_219358347681448067,zcrm_986126663401037980,Taylor Johnson,Pat Doe, , ,Internal,1234567890,+1 123 456 7890,N/A
zcrm_555628563648029297,zcrm_745495189909937726,zcrm_186642346650390918,Jordan Smith,Jane Garcia,contact@domain,Follow-up,Onboarding,123-456-7890,123-456-7890,(123) 456-7890
zcrm_677362623187234007,zcrm_191349879608889440,zcrm_159387809234715222,Alex Doe,Jordan Martinez,contact@domain,Video Conference,Review,,N/A,1234567890
zcrm_256280689932787977,zcrm_332349782119979809,zcrm_843269052346406734,Sam Brown,Alex Johnson,,Video Conference,Support,N/A,N/A,123-456-7890
zcrm_526459818125469169,zcrm_601313443717280881,zcrm_420793611998252357,Jane Doe,Sam Doe,,Video Conference,Review,,(123) 456-7890,###-###-####
zcrm_215271840411989814,zcrm_699653994897469973,zcrm_921866607804006740,Jane Garcia,Sam Garcia,,In-person,Support,(123) 456-7890,(123) 456-7890,(123) 456-7890
zcrm_283291979141810176,zcrm_446288402967484679,zcrm_939253623167480961,Jane Smith,Sam Johnson, ,Online,Onboarding,(123) 456-7890,,1234567890
zcrm_451762401802897092,zcrm_111500044650409567,zcrm_144617421997886655,,Sam Brown, ,Video Conference,Internal,1234567890,###-###-####,###-###-####
zcrm_180858616364121987,zcrm_735473809263820711,zcrm_761734497050968213,Sam Doe,Jane Kim,system@crm.com,Chat,Sales,+1 123 456 7890,123-456-7890,###-###-####
zcrm_456651754656781706,zcrm_945828884823166119,zcrm_676861544462890441,,Taylor Garcia,contact@domain, ,Review,1234567890,(123) 456-7890,N/A
zcrm_949982123588547370,zcrm_999867907626844035,zcrm_774669388080758640,Chris Lee,Jordan Lee,system@crm.com,Phone Call,Support,123-456-7890,(123) 456-7890,N/A
zcrm_976254873867390709,zcrm_245443790104530587,zcrm_824556647588910327,Jane Garcia,Chris Doe,user@email.com, ,,(123) 456-7890,1234567890,###-###-####
zcrm_524846800181572440,zcrm_831927097192371915,zcrm_090994683641487775,Taylor Johnson,Pat Doe,,Online,Sales,123-456-7890,###-###-####,1234567890
zcrm_470897375850693513,zcrm_662877509268153818,zcrm_924260007934734792,Chris Garcia,Alex Kim,system@crm.com,Video Conference,Internal,+1 123 456 7890,+1 123 456 7890,###-###-####
zcrm_778886202715916387,zcrm_659827833331892852,zcrm_726860190448949475,Alex Doe,Taylor Johnson,contact@domain,Follow-up,Sales,+1 123 456 7890,N/A,(123) 456-7890
zcrm_884356818262030856,zcrm_321874413170481257,zcrm_377226820825231895,Jordan Kim,Taylor Doe,,Chat,,,123-456-7890,###-###-####
zcrm_252182365670240558,zcrm_195335483223306046,zcrm_181735108101012743,Taylor Brown,Taylor Smith,user@email.com, ,Support,###-###-####,1234567890,123-456-7890
zcrm_443819792924978842,zcrm_764509527137547509,zcrm_179494605180642233,Jordan Johnson,Jane Brown,contact@domain,Follow-up,Client,N/A,,###-###-####
zcrm_709278849490567535,zcrm_797841768566568340,zcrm_802367009597862389,Alex Garcia,John Kim,,Chat,Onboarding,123-456-7890,+1 123 456 7890,123-456-7890
zcrm_472001803756956096,zcrm_231436553632005931,zcrm_237892498468818449,Jordan Brown,Taylor Johnson,system@crm.com,In-person,Internal,+1 123 456 7890,123-456-7890,(123) 456-7890
zcrm_819741186510029062,zcrm_992147067296597692,zcrm_469096948554732346,Jordan Brown,Chris Doe, ,Online,Support,1234567890,123-456-7890,123-456-7890
zcrm_152134691076491248,zcrm_938603319361967758,zcrm_280289010935552539,Jane Martinez,Pat Johnson,,Video Conference,Onboarding,123-456-7890,N/A,(123) 456-7890
zcrm_785989652714358543,zcrm_936450571692246141,zcrm_128698808520264620,Taylor Lee,Chris Garcia,system@crm.com,Phone Call,Support,+1 123 456 7890,,###-###-####
zcrm_458860514194960101,zcrm_348802088445607752,zcrm_414848386649957508,Jane Brown,Sam Brown,contact@domain,Phone Call,Internal,,123-456-7890,###-###-####
zcrm_700190994878523768,zcrm_341445395280023174,zcrm_857273707689326826,Pat Lee,Pat Kim, ,Video Conference,Review,,,###-###-####
zcrm_342386736219041095,zcrm_999294410828174083,zcrm_532586660723711675,Alex Martinez,Alex Martinez, ,Follow-up,Support,(123) 456-7890,N/A,###-###-####
zcrm_303657634197943497,zcrm_569991808721681709,zcrm_439906955453486591,Pat Johnson,Alex Smith,,In-person,Internal,1234567890,123-456-7890,
zcrm_458434471421866493,zcrm_267305893873048358,zcrm_555476929341729105,,Chris Doe,user@email.com,Chat,Onboarding,,,+1 123 456 7890
zcrm_834825155472110845,zcrm_952273923902226037,zcrm_109372944578180796,,John Kim, , ,Sales,1234567890,,123-456-7890
zcrm_679925450238332642,zcrm_268881724669220223,zcrm_298703171321406940,,Taylor Garcia,user@email.com, ,Support,(123) 456-7890,123-456-7890,
zcrm_426824307888260710,zcrm_311844462772926743,zcrm_509939195202627019,Jordan Johnson,Jordan Johnson, ,Phone Call,Internal,,,+1 123 456 7890
zcrm_440701052242091058,zcrm_669369659055007775,zcrm_905782173577065155,Pat Martinez,Sam Martinez,system@crm.com,In-person,,1234567890,1234567890,(123) 456-7890
zcrm_684927271884800590,zcrm_065883505469419023,zcrm_582855403301674643,Alex Lee,Taylor Brown,contact@domain, ,Review,1234567890,N/A,+1 123 456 7890
zcrm_727588369572276095,zcrm_155843715572002234,zcrm_562027758862128494,Jane Johnson,John Martinez,user@email.com,Video Conference,Internal,###-###-####,+1 123 456 7890,###-###-####
zcrm_667175027311424408,zcrm_593620793697158679,zcrm_067178069498976718,Sam Garcia,Taylor Smith,, ,Sales,N/A,+1 123 456 7890,###-###-####
zcrm_484818605040501311,zcrm_296417814191944716,zcrm_030417476770226232,Alex Johnson,Jane Smith,system@crm.com,Online,Onboarding,,,1234567890
zcrm_326916708740359184,zcrm_023617942217183291,zcrm_740379396015818301,,Jordan Johnson,contact@domain,Phone Call,,(123) 456-7890,N/A,+1 123 456 7890
zcrm_410426872291867648,zcrm_825991368436407147,zcrm_892098576916916268,Jane Martinez,Taylor Martinez,system@crm.com,Follow-up,Onboarding,(123) 456-7890,1234567890,
zcrm_390157733218203200,zcrm_026122999415819711,zcrm_360834735983080043,Pat Kim,Taylor Smith, ,In-person,Client,N/A,1234567890,N/A
zcrm_707497583870746979,zcrm_760807230104372385,zcrm_333315342604628660,,Sam Smith,user@email.com,Chat,Support,1234567890,123-456-7890,N/A
zcrm_536185939659615976,zcrm_708463756638768985,zcrm_006980555695440822,Alex Garcia,John Smith,contact@domain,Online,Onboarding,N/A,+1 123 456 7890,
zcrm_128284987580565307,zcrm_598790933706971533,zcrm_622371835369886091,,Sam Brown, ,Online,,123-456-7890,(123) 456-7890,###-###-####
zcrm_113840802093413726,zcrm_058750655025049149,zcrm_084107424489463519,Sam Doe,Chris Smith,,In-person,Review,,###-###-####,+1 123 456 7890
zcrm_621878239439951513,zcrm_667719727057794603,zcrm_223526973268461106,Chris Doe,Pat Johnson,system@crm.com, ,Internal,###-###-####,1234567890,N/A
zcrm_895467260417805488,zcrm_775323907125024592,zcrm_172516406778882711,Taylor Smith,Jane Smith,unknown,In-person,Review,###-###-####,N/A,123-456-7890
zcrm_200703293276332495,zcrm_799568546432083336,zcrm_939246745589187298,Sam Martinez,Alex Martinez,user@email.com,Follow-up,Onboarding,,+1 123 456 7890,+1 123 456 7890
zcrm_329084449383129058,zcrm_805369301057724473,zcrm_410224941830002304,Jane Johnson,John Johnson,unknown,In-person,Internal,N/A,123-456-7890,(123) 456-7890
zcrm_597218549024046731,zcrm_893914492043630751,zcrm_049589436807913763,Alex Lee,Taylor Lee,,Phone Call,Sales,,###-###-####,+1 123 456 7890
zcrm_974363784872257949,zcrm_445307634822920438,zcrm_921331210336133696,Chris Doe,Pat Lee,system@crm.com,Online,Client,###-###-####,+1 123 456 7890,(123) 456-7890
zcrm_067592108204432496,zcrm_357309372510227192,zcrm_715445606104715876,Alex Martinez,John Doe,, ,Sales,123-456-7890,123-456-7890,
zcrm_131101594162306831,zcrm_175315610960011445,zcrm_082460520151970801,Sam Kim,Chris Brown,contact@domain,Video Conference,,(123) 456-7890,,+1 123 456 7890
zcrm_674065510525936850,zcrm_711293152834042686,zcrm_952751873210183742,Jordan Brown,Alex Martinez,unknown, ,Client,+1 123 456 7890,N/A,
zcrm_185297643248083266,zcrm_360739929768848878,zcrm_672452862554110330,Chris Smith,Jane Martinez, ,Online,Support,1234567890,123-456-7890,123-456-7890
zcrm_309693515301403133,zcrm_548018418775814435,zcrm_153509863678161630,Alex Doe,Taylor Johnson,, ,Client,,123-456-7890,123-456-7890
zcrm_937449293536418606,zcrm_785150571437698214,zcrm_717316175448133265,Taylor Johnson,Chris Garcia,,Video Conference,Review,N/A,+1 123 456 7890,123-456-7890
zcrm_553635638320375326,zcrm_185475006432142086,zcrm_591951228136154257,Jordan Johnson,Jane Martinez,,Follow-up,Sales,+1 123 456 7890,123-456-7890,###-###-####
zcrm_655600789954460260,zcrm_607853133827602706,zcrm_985480832448786243,Alex Brown,Chris Doe, ,In-person,Onboarding,(123) 456-7890,+1 123 456 7890,###-###-####
zcrm_573324167781045518,zcrm_132626291792123519,zcrm_138654191038015550,Pat Kim,John Doe, ,In-person,,+1 123 456 7890,N/A,(123) 456-7890
zcrm_659324106758177520,zcrm_655980558645931769,zcrm_704677299819095221,Pat Brown,Sam Smith,contact@domain,Video Conference,Review,N/A,+1 123 456 7890,(123) 456-7890
zcrm_489216366159877093,zcrm_817237221936902643,zcrm_580453695899215130,Jordan Doe,John Brown,contact@domain, ,Client,(123) 456-7890,,
zcrm_567507792822973163,zcrm_797176206507477777,zcrm_663031338347056488,Jordan Doe,Alex Johnson,system@crm.com,Follow-up,Sales,,(123) 456-7890,123-456-7890
zcrm_978188691521158803,zcrm_190819201120772390,zcrm_308073560449347680,Pat Johnson,Jane Smith,contact@domain,In-person,Internal,,,N/A
zcrm_274204352675564154,zcrm_818843017941603088,zcrm_062620772881944020,John Smith,Taylor Martinez,system@crm.com,Online,Client,1234567890,N/A,123-456-7890
zcrm_578277950413117849,zcrm_502675916123450500,zcrm_208757644706591773,Sam Johnson,Jane Doe,unknown, ,Client,,,N/A
zcrm_865967762374618354,zcrm_160889816860336674,zcrm_928643606115876034,Sam Johnson,Alex Garcia, ,Chat,Client,###-###-####,###-###-####,(123) 456-7890
zcrm_502405270687476681,zcrm_559625783804709193,zcrm_144350638447537818,Taylor Doe,John Smith,contact@domain,Phone Call,Internal,N/A,1234567890,(123) 456-7890
zcrm_119990357822666900,zcrm_295795474452562708,zcrm_275032209386745172,Jordan Martinez,Jane Smith,system@crm.com,Chat,Review,+1 123 456 7890,,(123) 456-7890
zcrm_152734816999395592,zcrm_670537054945898926,zcrm_392263544937216259,Jordan Martinez,Jordan Martinez,contact@domain,Chat,,123-456-7890,(123) 456-7890,+1 123 456 7890
zcrm_144531873546187853,zcrm_742902108329198781,zcrm_989796406844044969,Jane Smith,Jordan Kim, ,Phone Call,,123-456-7890,N/A,###-###-####
zcrm_648544533567829340,zcrm_775757584484558049,zcrm_149286057411544191,Alex Johnson,Pat Kim, , ,Sales,,N/A,
zcrm_112040174387699855,zcrm_430658419109893025,zcrm_115404273712701673,Taylor Doe,Jane Lee, ,Chat,Support,###-###-####,123-456-7890,(123) 456-7890
zcrm_319836589874855693,zcrm_037331744249635494,zcrm_985102006551435454,John Martinez,Jordan Martinez,user@email.com,Follow-up,,N/A,N/A,###-###-####
zcrm_199471585655334778,zcrm_595039970217877736,zcrm_930856154742943088,,Jane Doe,,Video Conference,Review,###-###-####,,N/A
zcrm_675631452139174402,zcrm_340330290809733066,zcrm_604306166924220746,Jordan Martinez,Jane Johnson,,Online,,(123) 456-7890,,123-456-7890
zcrm_620515791922001986,zcrm_471699839680254111,zcrm_919389722589597023,,Jane Kim, , ,Review,123-456-7890,(123) 456-7890,+1 123 456 7890
zcrm_521340007291292920,zcrm_537351823227178152,zcrm_660202960845062385,Sam Brown,Taylor Garcia,contact@domain,Chat,Onboarding,###-###-####,+1 123 456 7890,
zcrm_676379367955518527,zcrm_133324060382321007,zcrm_227205643933146900,Jordan Johnson,Jane Doe,system@crm.com,Chat,,,+1 123 456 7890,
zcrm_881398225298708600,zcrm_138181299861939280,zcrm_928334753957239571,,Alex Johnson, ,Phone Call,Review,1234567890,+1 123 456 7890,1234567890
zcrm_434328706847994545,zcrm_558894009813410579,zcrm_069527053314612754,,Pat Garcia,contact@domain,Online,Internal,,N/A,+1 123 456 7890
zcrm_878825968797767119,zcrm_252603515650919087,zcrm_875606699911312287,Sam Martinez,John Lee,,Online,Onboarding,N/A,+1 123 456 7890,
zcrm_370301012575197339,zcrm_909385523638580350,zcrm_118720200521172668,,John Kim,contact@domain,Video Conference,,1234567890,###-###-####,123-456-7890
zcrm_624816085092652965,zcrm_153799536481849942,zcrm_962166554229322041,Alex Doe,Pat Doe, ,Video Conference,Onboarding,123-456-7890,123-456-7890,(123) 456-7890
zcrm_839218697028045524,zcrm_650570016243190666,zcrm_193393300425333383,,Taylor Doe,system@crm.com,Online,Support,123-456-7890,+1 123 456 7890,(123) 456-7890
zcrm_507714893540954535,zcrm_369042978069831470,zcrm_275960546288416035,Sam Doe,John Smith, ,Online,,(123) 456-7890,N/A,###-###-####
zcrm_743332614765703551,zcrm_542905909014352772,zcrm_957517973508113152,Taylor Kim,John Brown,,Phone Call,Client,###-###-####,1234567890,+1 123 456 7890
zcrm_014477810881151500,zcrm_983649812959074912,zcrm_652172885895513425,Jane Garcia,Pat Johnson,,Video Conference,Onboarding,N/A,###-###-####,+1 123 456 7890
zcrm_592658872009300657,zcrm_518631753862518874,zcrm_112132279070926840,Jane Lee,Pat Johnson,, ,Onboarding,###-###-####,,N/A
zcrm_700766843844967396,zcrm_040817377010688566,zcrm_993541270064648209,Jordan Johnson,Chris Smith, , ,Internal,,123-456-7890,(123) 456-7890
zcrm_859191635603947675,zcrm_093609884362682421,zcrm_003859690531024726,,Jane Garcia,user@email.com,Video Conference,Review,,N/A,+1 123 456 7890
zcrm_575547584166609827,zcrm_064599933912511641,zcrm_103349498154863487,,John Lee,user@email.com,Video Conference,Review,123-456-7890,+1 123 456 7890,N/A
zcrm_750599182863855112,zcrm_643317729595703896,zcrm_268399611252075964,Chris Brown,Chris Doe, ,Chat,Onboarding,123-456-7890,###-###-####,123-456-7890
zcrm_011939505459938241,zcrm_656322999223722151,zcrm_378546339613974349,Sam Martinez,Sam Doe,,In-person,,+1 123 456 7890,###-###-####,###-###-####